407080,7,Positive
406960,7,Positive
402290,7,Positive
406950,6,Mostly Positive
496102,7,Positive
496104,7,Positive
496103,7,Positive
393480,7,Positive
556150,0,7 user reviews
224540,5,Mixed
29650,0,1 user reviews
108710,8,Very Positive
202750,6,Mostly Positive
34010,8,Very Positive
41300,9,Overwhelmingly Positive
57300,9,Overwhelmingly Positive
91200,8,Very Positive
1902490,0,No user reviews
346110,8,Very Positive
407530,6,Mostly Positive
33910,5,Mixed
33930,8,Very Positive
219540,0,No user reviews
507490,8,Very Positive
244210,8,Very Positive
1493170,8,Very Positive
12900,9,Overwhelmingly Positive
112100,8,Very Positive
207670,5,Mixed
34900,8,Very Positive
35140,9,Overwhelmingly Positive
200260,9,Overwhelmingly Positive
238460,9,Overwhelmingly Positive
203750,8,Very Positive
409720,5,Mixed
214933,8,Very Positive
214931,6,Mostly Positive
214932,8,Very Positive
409710,6,Mostly Positive
218560,4,Mostly Negative
729040,8,Very Positive
250460,6,Mostly Positive
57640,8,Very Positive
33600,8,Very Positive
33610,5,Mixed
225080,8,Very Positive
225260,8,Very Positive
400940,8,Very Positive
42690,0,2 user reviews
21980,8,Very Positive
33420,5,Mixed
234080,6,Mostly Positive
504230,9,Overwhelmingly Positive
204109,0,1 user reviews
256290,8,Very Positive
369150,8,Very Positive
715193,8,Very Positive
944071,6,Mostly Positive
1065491,7,Positive
1196100,6,Mostly Positive
614581,5,Mixed
515190,5,Mixed
1531471,8,Very Positive
715190,8,Very Positive
547500,8,Very Positive
1148020,5,Mixed
1148022,5,Mixed
1531470,6,Mostly Positive
1059820,5,Mixed
1065490,6,Mostly Positive
1148021,6,Mostly Positive
614580,6,Mostly Positive
515191,6,Mostly Positive
1531472,0,8 user reviews
547501,6,Mostly Positive
614582,6,Mostly Positive
420610,5,Mixed
1531473,0,9 user reviews
1146930,5,Mixed
204106,0,2 user reviews
397950,8,Very Positive
228200,8,Very Positive
231430,8,Very Positive
9340,8,Very Positive
20540,8,Very Positive
4720,8,Very Positive
115100,9,Overwhelmingly Positive
10,9,Overwhelmingly Positive
80,8,Very Positive
100,8,Very Positive
17340,5,Mixed
50620,8,Very Positive
462780,8,Very Positive
236430,8,Very Positive
274520,8,Very Positive
30,8,Very Positive
300,8,Very Positive
388210,9,Overwhelmingly Positive
242800,1,Overwhelmingly Negative
211419,0,8 user reviews
204110,0,2 user reviews
222980,8,Very Positive
17470,8,Very Positive
47780,8,Very Positive
520720,6,Mostly Positive
40,8,Very Positive
1085660,8,Very Positive
6910,9,Overwhelmingly Positive
238010,8,Very Positive
6920,5,Mixed
321040,8,Very Positive
310560,8,Very Positive
2280,9,Overwhelmingly Positive
9050,8,Very Positive
208200,8,Very Positive
9070,8,Very Positive
1148590,8,Very Positive
2300,8,Very Positive
1215270,8,Very Positive
442070,8,Very Positive
6300,8,Very Positive
262280,6,Mostly Positive
98800,8,Very Positive
38740,8,Very Positive
1245620,8,Very Positive
253980,5,Mixed
208157,0,No user reviews
241430,7,Positive
227300,9,Overwhelmingly Positive
3720,8,Very Positive
1020470,6,Mostly Positive
493540,8,Very Positive
2290,8,Very Positive
39140,8,Very Positive
6220,8,Very Positive
2990,8,Very Positive
98200,8,Very Positive
4520,6,Mostly Positive
4530,5,Mixed
1139900,8,Very Positive
1249200,0,No user reviews
223220,8,Very Positive
206210,8,Very Positive
12210,6,Mostly Positive
683320,9,Overwhelmingly Positive
365450,8,Very Positive
521840,8,Very Positive
408710,7,Positive
70,9,Overwhelmingly Positive
340,8,Very Positive
130,8,Very Positive
280,5,Mixed
360,6,Mostly Positive
976730,8,Very Positive
459220,8,Very Positive
1161580,8,Very Positive
205230,6,Mostly Positive
367520,9,Overwhelmingly Positive
389140,8,Very Positive
115120,8,Very Positive
205950,8,Very Positive
638230,8,Very Positive
9400,0,7 user reviews
6880,5,Mixed
431930,8,Very Positive
35420,5,Mixed
42170,5,Mixed
238280,6,Mostly Positive
207170,8,Very Positive
285160,6,Mostly Positive
214510,8,Very Positive
319630,9,Overwhelmingly Positive
48000,8,Very Positive
211520,0,7 user reviews
214560,9,Overwhelmingly Positive
2362420,5,Mixed
9160,6,Mostly Positive
204100,8,Very Positive
213370,6,Mostly Positive
211523,4,Mostly Negative
211521,0,7 user reviews
211522,0,8 user reviews
47830,6,Mostly Positive
47799,0,No user reviews
235460,9,Overwhelmingly Positive
311340,8,Very Positive
287700,8,Very Positive
43160,8,Very Positive
241930,8,Very Positive
17410,8,Very Positive
63660,8,Very Positive
925930,8,Very Positive
925940,6,Mostly Positive
208110,5,Mixed
17710,6,Mostly Positive
15710,9,Overwhelmingly Positive
15700,8,Very Positive
12830,5,Mixed
558990,9,Overwhelmingly Positive
261570,9,Overwhelmingly Positive
305050,6,Mostly Positive
239030,9,Overwhelmingly Positive
640820,6,Mostly Positive
213030,8,Very Positive
204107,0,3 user reviews
386070,8,Very Positive
1083500,0,No user reviews
31280,8,Very Positive
104600,8,Very Positive
810500,8,Very Positive
741820,4,Mostly Negative
19980,6,Mostly Positive
33320,5,Mixed
13600,8,Very Positive
13530,6,Mostly Positive
13500,8,Very Positive
842020,0,9 user reviews
582540,7,Positive
636502,0,9 user reviews
3830,9,Overwhelmingly Positive
239430,6,Mostly Positive
2210,8,Very Positive
2340,5,Mixed
2330,8,Very Positive
2350,6,Mostly Positive
2200,9,Overwhelmingly Positive
1089130,0,No user reviews
9040,8,Very Positive
9030,8,Very Positive
37800,6,Mostly Positive
351510,8,Very Positive
9200,6,Mostly Positive
96300,5,Mixed
244430,8,Very Positive
55110,5,Mixed
667720,8,Very Positive
20550,5,Mixed
99300,8,Very Positive
60,8,Very Positive
234510,8,Very Positive
35450,8,Very Positive
63610,8,Very Positive
41700,9,Overwhelmingly Positive
4500,8,Very Positive
9480,6,Mostly Positive
8200,8,Very Positive
8210,7,Positive
8220,7,Positive
8240,7,Positive
8250,7,Positive
8260,8,Very Positive
8270,7,Positive
8280,7,Positive
8290,7,Positive
8300,7,Positive
31220,8,Very Positive
31230,7,Positive
31240,7,Positive
31250,7,Positive
31260,7,Positive
210770,8,Very Positive
268870,6,Mostly Positive
34270,8,Very Positive
522210,8,Very Positive
41070,8,Very Positive
564310,8,Very Positive
272030,0,No user reviews
300550,8,Very Positive
234650,8,Very Positive
233130,8,Very Positive
250760,9,Overwhelmingly Positive
204111,0,1 user reviews
24780,8,Very Positive
606730,5,Mixed
544330,8,Very Positive
111100,8,Very Positive
97000,8,Very Positive
204108,0,1 user reviews
115110,8,Very Positive
271260,6,Mostly Positive
32380,6,Mostly Positive
6020,9,Overwhelmingly Positive
32390,5,Mixed
6030,8,Very Positive
32370,8,Very Positive
252410,8,Very Positive
1032730,8,Very Positive
312670,8,Very Positive
596970,8,Very Positive
9350,8,Very Positive
464920,8,Very Positive
801710,7,Positive
233700,8,Very Positive
449720,7,Positive
323560,0,2 user reviews
238450,0,5 user reviews
345470,0,2 user reviews
291790,0,1 user reviews
258930,0,2 user reviews
63500,8,Very Positive
238210,9,Overwhelmingly Positive
330830,8,Very Positive
20,8,Very Positive
238050,8,Very Positive
113200,9,Overwhelmingly Positive
318600,6,Mostly Positive
242760,9,Overwhelmingly Positive
510420,8,Very Positive
313260,5,Mixed
6310,8,Very Positive
32800,6,Mostly Positive
96000,8,Very Positive
20920,8,Very Positive
355880,9,Overwhelmingly Positive
20900,8,Very Positive
211600,8,Very Positive
211740,9,Overwhelmingly Positive
291390,0,9 user reviews
327140,8,Very Positive
4550,8,Very Positive
475150,8,Very Positive
38700,8,Very Positive
7000,8,Very Positive
13510,5,Mixed
584210,5,Mixed
19840,0,No user reviews
19830,8,Very Positive
13570,8,Very Positive
13580,4,Mostly Negative
524440,0,No user reviews
200710,8,Very Positive
823130,8,Very Positive
34330,8,Very Positive
206440,9,Overwhelmingly Positive
2225070,0,No user reviews
835950,8,Very Positive
690640,8,Very Positive
23490,8,Very Positive
616560,6,Mostly Positive
1659420,8,Very Positive
211180,8,Very Positive
63650,6,Mostly Positive
2600,8,Very Positive
108500,8,Very Positive
211160,5,Mixed
255520,6,Mostly Positive
4580,9,Overwhelmingly Positive
4570,9,Overwhelmingly Positive
9450,9,Overwhelmingly Positive
9310,8,Very Positive
1759110,0,6 user reviews
292470,0,No user reviews
975400,8,Very Positive
828790,5,Mixed
1022310,6,Mostly Positive
203630,8,Very Positive
61600,8,Very Positive
22200,8,Very Positive