29650,"Aion",54,259,1252,0.17
409710,"BioShock",12,16,23,0.42
409710,"BioShock 2",11,14,23,0.47
112100,"Avadon: The Black Fortress",40,53,81,1
207670,"AVSEQ",2,4,4,1
47780,"Dead Space 2",9,12,16,1
47780,"Dead Space 2: Severed DLC",1,2,2,0.48
57300,"Amnesia: The Dark Descent",8,9,11,1
98800,"Dungeons of Dredmor",18,32,76,1
98800,"Dungeons of Dredmor: Conquest of the Wizardlands",,27,,0.4
98800,"Dungeons of Dredmor: You Have To Name The Expansion Pack",,,,0.34
98800,"Dungeons of Dredmor: Realm of the Diggle Gods",11,11,,0.42
346110,"ARK: Survival Evolved",69,252,671,1
6920,"Deus Ex: Invisible War",9,13,19,1
504230,"Celeste",8,14,37,1
504230,"Celeste - Chapter 9: Farewell",10,10,13,0.24
504230,"Celeste Classic",,1,1,0.47
504230,"Celeste - Strawberry Jam",,27,,0.29
504230,"Celeste Classic 2: Lani's Trek",1,1,1,0.23
41300,"Altitude",1,,14,1
41300,"Altitude0: Lower & Faster",,,,0.32
1902490,"Aperture Desk Job",1,1,1,1
214932,"BioShock Infinite: Burial at Sea - Episode 2",4,5,6,1
48000,"Limbo",4,4,7,1
48000,"Touhou Shinpiroku ~ Urban Legend in Limbo",3,,5,0.12
48000,"Depths of Limbo",,,,0.33
48000,"Kulebra and the Souls of Limbo",,,,0.17
48000,"Exit Limbo: Opening",2,3,,0.26
48000,"Limbo Line",,,,0.5
48000,"Flimbo's Quest",1,,,0.36
48000,"Isles of Limbo",,,,0.36
48000,"Limbo of the Lost",,,10,0.29
48000,"Cosmic Courier: Trapped in Limbo",,,1,0.16
48000,"The Bookshelf Limbo",,,,0.26
238460,"BattleBlock Theater",10,17,40,1
242800,"Day One: Garry's Incident",3,4,4,1
100,"Counter-Strike: Condition Zero Deleted Scenes",6,7,8,1
200260,"Batman: Arkham City GOTY",14,23,57,1
925930,"Myst III: Exile",7,9,13,1
397950,"Clustertruck",4,6,8,1
521840,"Hacknet - Labyrinths",3,5,9,1
311340,"Metal Gear Solid V: Ground Zeroes",2,7,21,1
386070,"Planetary Annihilation: Titans",5,9,20,1
235460,"Metal Gear Rising: Revengeance",7,11,38,1
235460,"Metal Gear Rising: Revengeance - Jetstream",1,2,5,0.71
235460,"Metal Gear Rising: Revengeance - Blade Wolf",1,1,3,0.7
729040,"Borderlands: Game of the Year",21,37,81,0.55
464920,"Surviving Mars",22,42,118,1
50620,"Darksiders",17,20,28,1
50620,"Darksiders II: Deathinitive Edition",20,30,52,0.29
50620,"Darksiders III",14,19,32,0.71
50620,"Darksiders: Genesis",14,21,31,0.53
50620,"Darksiders II",22,29,44,0.77
50620,"Darksiders III - Keepers of the Void",4,4,4,0.28
50620,"Darksiders III - The Crucible",1,2,2,0.34
50620,"Darksiders II: Abyssal Forge DLC",1,1,2,0.31
50620,"Darksiders II: Argul's Tomb DLC",1,1,2,0.32
50620,"Darksiders II: The Demon Lord Belial DLC",1,1,1,0.25
2990,"FlatOut 2",12,16,21,1
31240,"Sam & Max 303: They Stole Max's Brain!",3,3,3,1
321040,"Dirt 3: Complete Edition",15,27,39,0.96
222980,"Dead Pixels",2,4,15,1
222980,"!Dead Pixels Adventure!",,,2,0.48
10,"Counter-Strike",29,72,564,1
10,"Counter-Strike",,,,1
10,"Counter-Strike 2",55,370,770,0.88
10,"Counter-Strike: Source",72,87,326,0.64
10,"Counter-Strike: Condition Zero Deleted Scenes",6,7,8,0.31
10,"Counter-Strike: Condition Zero",4,12,19,0.47
10,"Counter-Strike Nexon: Zombies",,,,0.48
389140,"Horizon Chase Turbo",10,16,32,1
389140,"Horizon Chase Turbo - Senna Forever",3,4,5,0.54
389140,"Horizon Chase Turbo - Summer Vibes",1,,,0.56
205230,"Hell Yeah! Wrath of the Dead Rabbit",7,9,10,0.29
205230,"Hell Yeah! Wrath of the Dead Rabbit - Virtual Rabbit Missions DLC",4,,4,0.15
214560,"Mark of the Ninja",8,12,21,1
214560,"Mark of the Ninja: Remastered",8,10,19,0.59
214560,"Mark of the Ninja: Special Edition DLC",1,1,3,0.45
63660,"Myst: Masterpiece Edition",6,6,8,1
63660,"realMyst: Masterpiece Edition",6,7,7,0.86
31280,"Poker Night at the Inventory",3,6,30,1
31280,"Poker Night 2",5,10,15,0.43
640820,"Pathfinder: Kingmaker",77,128,199,1
640820,"Pathfinder: Kingmaker - Varnhold's Lot",7,11,15,0.55
115120,"Iron Brigade",6,13,19,1
115120,"Iron Brigade: Rise of the Martian Bear",3,,,0.32
2210,"Quake 4",8,10,12,1
2210,"Quake II 64",2,3,3,0.64
2210,"Quake 64",2,3,3,0.88
558990,"Opus Magnum",15,26,42,1
31230,"Sam & Max 302: The Tomb of  Sammun-Mak",3,4,4,0.97
8280,"Sam & Max 203: Night of the Raving Dead",3,3,3,1
2200,"Quake III Arena",5,8,18,1
2200,"Quake III: Team Arena",5,9,9,0.71
223220,"Giana Sisters: Twisted Dreams",7,13,22,1
223220,"Giana Sisters: Twisted Dreams - Rise of the Owlverlord",2,2,3,0.54
223220,"Giana Sisters: Twisted Dreams - Director's Cut",7,15,,0.63
223220,"Giana Sisters: Twisted Dreams - Owltimate Edition",10,11,,0.59
291390,"Three Dead Zed",2,3,,1
9030,"Quake Mission Pack 2: Dissolution of Eternity",4,5,5,1
9040,"Quake Mission Pack 1: Scourge of Armagon",3,4,5,1
20550,"Red Faction II",5,6,6,1
1245620,"Elden Ring",58,100,133,1
1245620,"Elden Ring: Shadow of the Erdtree",,,,0.3
1245620,"Elden Ring GB",,,1,0.77
202750,"Alan Wake's American Nightmare",4,5,8,1
208200,"Doom 3: BFG Edition",10,16,37,1
510420,"The Hex",5,6,12,1
510420,"Hexen: Deathkings of the Dark Citadel",8,9,9,0.14
510420,"Strikepoint: The Hex Missions",,,,0.24
510420,"Ben 10 Alien Force: The Rise of Hex",5,,5,0.2
510420,"Thexder Neo",1,,12,0.45
510420,"Thexder",,,,0.57
510420,"Hexx: Heresy of the Wizard",17,,18,0.19
510420,"Hexcite: The Shapes of Victory",,,,0.2
12900,"Audiosurf",8,12,14,1
12900,"Audiosurf 2",10,15,281,0.82
667720,"Red Faction: Guerrilla - Re-Mars-tered",11,18,35,0.92
244430,"realMyst: Masterpiece Edition",6,7,7,1
91200,"Anomaly: Warzone Earth",6,10,23,0.95
91200,"Anomaly: Warzone Earth - Mobile Campaign",4,5,9,0.53
823130,"Totally Accurate Battlegrounds",4,,,1
224540,"Ace of Spades",7,,37,1
409720,"BioShock 2",11,14,23,0.48
34330,"Total War: Shogun 2",27,57,216,1
34330,"Total War: Shogun 2 - Fall of the Samurai",17,35,143,0.46
34330,"Total War: Shogun 2 - Rise of the Samurai",12,,,0.46
34330,"Total War: Shogun 2 - Battle of Kawagoe",,,,0.49
462780,"Darksiders",17,20,28,0.33
312670,"Strange Brigade",8,12,25,1
4520,"Full Spectrum Warrior",10,11,,1
4520,"Full Spectrum Warrior: Ten Hammers",15,,,0.62
211160,"Viking: Battle for Asgard",13,16,20,1
835950,"Transpose",6,,6,1
835950,"Transpose",,,,1
8240,"Sam & Max 105: Reality 2.0",2,2,3,1
39140,"Final Fantasy VII",36,50,82,1
39140,"Final Fantasy VII (NES)",17,,,0.74
39140,"Final Fantasy VII Remake",33,42,86,0.71
39140,"Final Fantasy VIII",40,54,80,0.94
39140,"Crisis Core: Final Fantasy VII Reunion",14,21,46,0.45
39140,"Final Fantasy VII Remake - Episode INTERmission",5,7,18,0.36
39140,"Final Fantasy VII: Ever Crisis",,39,,0.57
39140,"Final Fantasy VII Rebirth",,,,0.68
39140,"Crisis Core: Final Fantasy VII",18,30,73,0.57
39140,"Dirge of Cerberus: Final Fantasy VII",12,14,30,0.47
39140,"PowerWash Simulator - Midgar Special Pack",3,3,4,0.15
39140,"Before Crisis: Final Fantasy VII",9,10,14,0.53
39140,"Final Fantasy VII and Final Fantasy VIII Remastered - Twin Pack",,,,0.27
39140,"Final Fantasy VII: The First Soldier",,,,0.47
39140,"Super Smash Bros. Ultimate - Challenger Pack 8: Sephiroth",,1,1,0.14
203750,"Binary Domain",9,11,19,1
6910,"Deus Ex",23,29,39,0.21
274520,"Darkwood",18,28,44,1
20900,"The Witcher",35,46,64,0.38
205950,"Jet Set Radio",7,10,21,1
205950,"Jet Set Radio Future",11,15,29,0.65
20,"Team Fortress Classic",19,21,,1
20540,"Company of Heroes: Tales of Valor",5,6,27,1
250460,"Bridge Constructor",4,9,14,1
250460,"Bridge Constructor Portal",13,16,21,0.72
250460,"Bridge Constructor: The Walking Dead",9,11,15,0.5
250460,"Bridge Constructor: Medieval",3,4,5,0.64
250460,"Bridge Constructor: Playground",2,4,4,0.6
250460,"Bridge Constructor Stunts",5,5,10,0.72
250460,"Bridge Constructor Trains - Expansion Pack",1,,,0.43
250460,"Bridge Constructor Portal - Portal Proficiency",7,,11,0.39
244210,"Assetto Corsa",43,76,249,1
244210,"Assetto Corsa Competizione",20,115,200,0.5
244210,"Assetto Corsa - Dream Pack 1",,,,0.46
244210,"Assetto Corsa - Dream Pack 2",,,,0.46
388210,"Day of the Tentacle: Remastered",5,5,6,0.97
4550,"Titan Quest: Immortal Throne",16,28,40,1
9310,"Warhammer 40,000: Dawn of War - Winter Assault",11,13,19,1
13570,"Tom Clancy's Splinter Cell: Chaos Theory",13,14,19,1
21980,"Call of Juarez: Bound in Blood",8,8,12,1
228200,"Company of Heroes",19,26,82,1
228200,"Company of Heroes 2",15,24,58,0.89
228200,"Company of Heroes: Opposing Fronts",14,16,40,0.5
228200,"Company of Heroes: Tales of Valor",5,6,27,0.52
228200,"Company of Heroes 3",18,18,48,0.89
228200,"Company of Heroes: Eastern Front",,,,0.53
228200,"Europe at War",,,,0.18
228200,"Company of Heroes: Far East War",,,,0.55
228200,"Company of Heroes Collection",,,,0.61
228200,"Company of Heroes: Blitzkrieg Mod",,,,0.52
228200,"Company of Heroes: The Great War 1918",,,,0.46
228200,"Company of Heroes 2: Ardennes Assault",11,13,16,0.46
228200,"Company of Heroes 2: Case Blue",4,,,0.57
228200,"Company of Heroes 2: Victory at Stalingrad",5,,,0.4
228200,"Company of Heroes 2: Southern Fronts",6,,,0.47
228200,"Company of Heroes: Battle of Crete",,,,0.5
228200,"Company of Heroes: Modern Combat",,,,0.53
234080,"Castlevania: Lords of Shadow - Ultimate Edition",19,26,46,1
9340,"Company of Heroes: Opposing Fronts",14,16,40,1
33930,"ARMA II: Operation Arrowhead",8,8,11,0.93
206440,"To the Moon",4,4,5,1
206440,"Putt-Putt Goes to the Moon",1,1,1,0.42
206440,"Harvest Moon: The Tale of Two Towns",48,97,234,0.29
206440,"Voyage: Journey to the Moon",12,13,13,0.41
206440,"Nightork Adventures - Beyond the Moons of Shadalee",,,,0.22
206440,"To the Moon: Holiday Minisode 2",,1,,0.35
206440,"Stories of Bethem: Full Moon",13,17,35,0.39
206440,"Sailor Moon: Another Story",18,28,,0.27
206440,"To the Moon and Beyond",1,,3,0.5
206440,"Tobari and the Night of the Curious Moon",13,,,0.28
206440,"Radiant Historia: Perfect Chronology - Under the Moonlight",,,,0.19
206440,"Google Spotlight Stories: Back to the Moon",,,,0.26
206440,"To the Moon: Holiday Minisode",1,1,1,0.38
206440,"Last Hour of an Epic - TO THE MOON RPG",,,,0.29
206440,"The Moon Looks Beautiful Tonight",,,1,0.19
206440,"Just A To the Moon Series Beach Episode",,,,0.28
206440,"Highway to the Moon",,,,0.58
206440,"Mystery Masterpiece: The Moonstone",,,,0.29
206440,"Elevator... to the Moon!",1,2,,0.46
34900,"Bad Rats: the Rats' Revenge",3,4,5,0.3
34900,"Bad Rats Show",5,,6,0.62
80,"Counter-Strike: Condition Zero",4,12,19,1
80,"Counter-Strike: Condition Zero Deleted Scenes",6,7,8,0.67
33420,"Call of Juarez: The Cartel",7,9,18,1
367520,"Hollow Knight",27,41,63,1
367520,"Hollow Knight: Silksong",,,,0.57
367520,"Hollow Knight - Godmaster",8,19,26,0.52
367520,"Hollow Knight - Hidden Dreams",1,1,1,0.45
367520,"Hollow Knight - The Grimm Troupe",2,3,4,0.41
367520,"Hollow Knight - Pale Court",2,8,26,0.5
367520,"Hollow Knight - Lifeblood",,2,4,0.52
507490,"Ashes of the Singularity: Escalation",16,23,34,1
33910,"ARMA II",17,32,68,0.71
33910,"ARMA II: Operation Arrowhead",8,8,11,0.18
33910,"Swords & Soldiers II: Shawarmageddon",6,9,,0.11
33910,"Arma 2: DayZ Mod",25,31,,0.38
33910,"ARMA II: British Armed Forces",5,6,17,0.17
33910,"ARMA II: Private Military Company",6,8,12,0.15
33910,"Battlefleet Gothic: Armada 2",44,64,93,0.21
33910,"Carmageddon TDR 2000",12,14,17,0.3
33910,"Carmageddon II: Carpocalypse Now",12,15,29,0.16
33910,"Arma 2: Free",,,,0.5
33910,"Armada 2526: Gold Edition",,,,0.24
33910,"Worms 2: Armageddon",11,15,15,0.21
33910,"Battlefleet Gothic: Armada 2 - Chaos Campaign Expansion",,14,22,0.11
33910,"Arma II: Army of the Czech Republic",,,4,0.14
33910,"Armada 2526",,,,0.55
256290,"Child of Light",11,13,15,1
256290,"Sky: Children of the Light",5,13,38,0.54
256290,"DemiKids: Light Version",11,13,,0.3
9050,"Doom 3",11,13,16,1
9050,"Doom 3: BFG Edition",10,16,37,0.32
9050,"Doom 3: Resurrection of Evil",4,5,6,0.21
9050,"Hector: Badge of Carnage - Episode 3: Beyond Reasonable Doom",3,4,3,0.08
9050,"Doom 3 Phobos",,,,0.46
9050,"Doom 3: VR Edition",11,16,35,0.33
9050,"Doom 3: The Lost Mission",2,2,2,0.25
9050,"Marvel Ultimate Alliance 3: The Black Order - Shadow of Doom DLC",3,5,,0.08
17340,"Crysis Wars",3,,,1
130,"Half-Life: Blue Shift",3,3,4,1
1020470,"Evoland: Legendary Edition",21,25,32,0.96
34010,"Alpha Protocol",13,17,26,1
34010,"Alpha Black Zero: Intrepid Protocol",,,,0.4
225260,"Brütal Legend",9,14,24,1
3720,"Evil Genius",27,29,36,1
3720,"Evil Genius 2: World Domination",26,34,48,0.35
3720,"Rescue Team: Evil Genius",,,,0.46
15700,"Oddworld: Abe's Oddysee",13,14,15,1
15700,"Oddworld: New 'n' Tasty!",7,9,11,0.46
340,"Half-Life 2: Lost Coast",,,,1
261570,"Ori and the Blind Forest",8,10,11,1
261570,"Ori and the Blind Forest: Definitive Edition",9,11,13,0.55
40,"Deathmatch Classic",2,,,1
227300,"Euro Truck Simulator 2",47,93,445,1
227300,"Euro Truck Simulator 2 - Iberia",,,,0.71
227300,"Euro Truck Simulator 2 - Road to the Black Sea",,,,0.48
227300,"Euro Truck Simulator 2 - Beyond the Baltic Sea",,,,0.48
227300,"Euro Truck Simulator 2 - Italia",,,,0.71
227300,"Euro Truck Simulator 2 - Vive la France !",,,,0.54
227300,"Euro Truck Simulator 2 - Scandinavia",,,,0.61
227300,"Euro Truck Simulator 2 - Going East!",,,,0.61
33600,"Broken Sword II: The Smoking Mirror - Remastered",7,7,8,0.9
300,"Day of Defeat: Source",2,10,,1
1215270,"Down The Rabbit Hole",2,2,3,1
1215270,"Wonderful Everyday - Down the Rabbit-Hole",39,52,52,0.46
407530,"ARK: Survival of the Fittest",100,,,1
214931,"BioShock Infinite: Burial at Sea - Episode 1",2,3,4,1
9160,"Master Levels for Doom II",7,8,9,1
42170,"Krater",17,25,47,1
520720,"Dear Esther",1,2,2,0.38
238280,"Legend of Dungeon",9,,28,1
238280,"Legend of Keepers: Career of a Dungeon Manager",22,29,65,0.37
238280,"Dungeon Siege: Legends of Aranna",8,16,21,0.28
238280,"Dandy Dungeon: Legend of Brave Yamada",10,15,,0.3
238280,"Dungeon Master II: The Legend of Skullkeep",12,21,,0.29
238280,"Dandy Dungeon - Legend of Brave Yamada -",,,,0.28
238280,"Legend of Dungeon: Masters",,,,0.65
115100,"Costume Quest",6,6,7,1
115100,"Costume Quest 2",7,8,10,0.87
115100,"Costume Quest: Grubbins on Ice",2,2,2,0.43
115100,"Costume Quest Prototype",,,1,0.57
810500,"PowerbeatsVR",2,,,1
305050,"Outland",7,10,13,1
305050,"Genshin Impact - Prologue: The Outlander Who Caught the Wind",19,28,38,0.12
305050,"Outlander",,,,0.78
305050,"Outlanders",40,65,72,0.7
305050,"Hearthstone: Ashes of Outland",,,,0.24
305050,"The Legend of Zelda: Outlands",,11,,0.24
98200,"Frozen Synapse",24,33,,1
98200,"Frozen Synapse Prime",18,18,34,0.7
98200,"Frozen Synapse 2",37,,,0.88
238010,"Deus Ex: Human Revolution - Director's Cut",23,31,46,1
41700,"S.T.A.L.K.E.R.: Call of Pripyat",15,25,32,1
30,"Day of Defeat",6,25,84,1
30,"Day of Defeat: Source",2,10,,0.62
37800,"QuantZ",,,,1
231430,"Company of Heroes 2",15,24,58,1
231430,"Company of Heroes 2: Ardennes Assault",11,13,16,0.51
231430,"Company of Heroes 2: Case Blue",4,,,0.63
231430,"Company of Heroes 2: Victory at Stalingrad",5,,,0.45
231430,"Company of Heroes 2: Southern Fronts",6,,,0.53
17710,"Nuclear Dawn",,,28,1
17710,"Covert Ops: Nuclear Dawn",10,,,0.5
6880,"Just Cause",8,19,31,1
6880,"Just Cause 3",18,37,62,0.83
6880,"Just Cause 2",18,34,86,0.83
6880,"Just Cause 4",16,27,54,0.83
6880,"Just Cause 3: Multiplayer Mod",,,,0.34
6880,"Just Cause 4: Dare Devils of Destruction DLC",2,,4,0.23
6880,"Just Cause 4: Los Demonios DLC",2,,2,0.33
6880,"Just Cause 4: Danger Rising DLC",3,,3,0.32
6880,"Just Cause 2: Multiplayer Mod",17,55,75,0.34
6880,"Just Cause 3: Sky Fortress DLC",2,2,4,0.33
6880,"Just Cause 3: Mech Land Assault DLC",2,3,5,0.29
6880,"Just Cause 3: Bavarium Sea Heist DLC",2,2,5,0.28
13500,"Prince of Persia: Warrior Within",12,15,17,1
262280,"Dungeons 2",15,20,26,1
262280,"Grotesque Tactics 2: Dungeons and Donuts",12,14,16,0.23
262280,"The Escapists 2: Dungeons And Duct Tape",,,,0.23
262280,"Empires & Dungeons 2: The Sultanate",2,,,0.29
108710,"Alan Wake",11,14,26,1
108710,"Alan Wake II",18,24,29,0.75
108710,"Alan Wake Remastered",10,14,25,0.45
108710,"Alan Wake's American Nightmare",4,5,8,0.3
108710,"Alan Wake: The Writer",1,2,2,0.43
108710,"Alan Wake: The Signal",1,2,2,0.43
976730,"Halo: The Master Chief Collection",43,69,249,1
2330,"Quake II: The Reckoning",5,6,9,1
6220,"FlatOut",7,10,10,1
6220,"FlatOut 2",12,16,21,0.78
6220,"FlatOut: Ultimate Carnage",15,23,28,0.28
6220,"FlatOut 3: Chaos & Destruction",5,7,17,0.23
6220,"FlatOut 4: Total Insanity",10,16,28,0.28
287700,"Metal Gear Solid V: The Phantom Pain",46,81,161,1
234650,"Shadowrun Returns",12,14,18,1
8220,"Sam & Max 103: The Mole, the Mob, and the Meatball",2,2,2,0.98
442070,"Drawful 2",2,7,9,1
2350,"Quake III: Team Arena",5,9,9,1
400940,"Budget Cuts",5,6,8,1
400940,"Budget Cuts 2: Mission Insolvency",4,7,,0.33
400940,"Budget Cuts Ultimate",6,,,0.55
233130,"Shadow Warrior",12,15,36,1
233130,"Shadow Warrior",10,12,14,1
233130,"Viscera Cleanup Detail: Shadow Warrior",2,2,2,0.37
233130,"Shadow Warrior 2",8,16,24,0.88
233130,"Shadow Warrior Classic Redux",9,14,15,0.5
233130,"Shadow Warrior 3",6,7,9,0.88
233130,"Ninja Gaiden",3,3,4,0.14
233130,"Ninja Gaiden II: The Dark Sword of Chaos",3,3,3,0.18
233130,"Chaotic: Shadow Warriors",8,8,,0.58
233130,"Ninja Gaiden Shadow",1,1,2,0.16
233130,"Fire Emblem Warriors - Fire Emblem: Shadow Dragon DLC Pack",,13,,0.14
233130,"Shadow Warrior: Twin Dragon",3,4,5,0.52
233130,"Shadow Warrior: Wanton Destruction",3,4,5,0.41
8250,"Sam & Max 106: Bright Side of the Moon",2,2,2,1
4530,"Full Spectrum Warrior: Ten Hammers",15,,,1
741820,"Prey: Typhon Hunter",1,,10,1
41070,"Serious Sam 3: BFE",10,14,27,1
365450,"Hacknet",7,9,11,1
365450,"Hacknet - Labyrinths",3,5,9,0.35
1148590,"Doom 64",7,9,10,1
1148590,"Doom 64: Absolution",1,,,0.37
4720,"Condemned: Criminal Origins",7,8,13,1
300550,"Shadowrun: Dragonfall - Director's Cut",21,30,42,1
8210,"Sam & Max 102: Situation: Comedy",2,2,2,1
31260,"Sam & Max 305: The City That Dares Not Sleep",3,3,3,1
239030,"Papers, Please",5,8,16,1
9400,"Juiced 2: Hot Import Nights",16,19,21,1
268870,"Satellite Reign",21,30,39,1
6300,"Dreamfall: The Longest Journey",12,13,15,1
2340,"Quake II: Ground Zero",5,6,8,1
1032730,"Sticks And Bones",1,,,1
8270,"Sam & Max 202: Moai Better Blues",2,2,3,1
431930,"Kabounce",,10,,1
204100,"Max Payne 3",10,13,32,1
238210,"System Shock 2",14,17,23,1
13600,"Prince of Persia: The Sands of Time",9,10,10,1
13600,"Prince of Persia: The Sands of Time Remake",,,,0.83
2300,"Doom II: Hell on Earth",7,10,14,0.32
2300,"Master Levels for Doom II",7,8,9,0.28
2300,"Doom: Sigil II",2,,,0.5
2300,"Phantasy Star III: Generations of Doom",17,20,22,0.08
2300,"Ninja Gaiden III: The Ancient Ship of Doom",2,3,5,0.1
2300,"Hugo III: Jungle of Doom",1,,,0.13
2300,"Doom II: Unofficial WADs",,,,0.29
2300,"Doom II RPG",4,4,13,0.64
2300,"Doom II: Syringe",2,2,,0.44
2300,"Garfield's Scary Scavenger Hunt II: Donuts of Doom",,,,0.08
2300,"Doom II: No Rest for the Living",2,3,4,0.23
2300,"Epic (Doom II)",2,,,0.5
234510,"Rising Storm",7,,,1
234510,"Rising Storm 2: Vietnam",1,,,0.52
12210,"Grand Theft Auto IV: The Complete Edition",33,54,102,1
12830,"Operation Flashpoint: Dragon Rising",12,15,19,1
19830,"Tom Clancy's Rainbow Six 3: Gold Edition",9,30,59,1
9070,"Doom 3: Resurrection of Evil",4,5,6,1
6310,"The Longest Journey",18,21,22,1
6310,"Dreamfall: The Longest Journey",12,13,15,0.63
253980,"Enclave",8,12,16,1
253980,"Siege of Turtle Enclave",,,,0.3
99300,"Renegade Ops",5,7,13,1
99300,"Renegade Ops: Coldstrike DLC",1,1,2,0.43
7000,"Tomb Raider: Legend",7,9,15,1
360,"Half-Life Deathmatch: Source",3,4,5,1
8200,"Sam & Max 101: Culture Shock",2,3,3,1
96000,"The Tiny Bang Story",4,4,4,1
596970,"Sunless Skies",29,68,106,1
233700,"Sword of the Stars: The Pit",27,40,55,1
233700,"Sword of the Stars: The Pit 2",,,,0.93
15710,"Oddworld: Abe's Exoddus",15,15,15,1
210770,"Sanctum 2",12,30,59,1
17410,"Mirror's Edge",6,8,12,1
17410,"Mirror's Edge (Mobile)",2,3,,0.59
17410,"Mirror's Edge: Catalyst",8,13,32,0.57
17410,"Mirror's Edge - Pure Time Trials",,,9,0.41
683320,"GRIS",4,4,6,1
683320,"The Fruit of Grisaia",23,47,68,0.2
683320,"Langrisser I & II",20,31,56,0.24
683320,"Grisaia Phantom Trigger Vol.8",5,,11,0.14
683320,"The Leisure of Grisaia",1,1,1,0.18
683320,"Grisaia Phantom Trigger Vol.7",5,,6,0.14
683320,"Grisaia Phantom Trigger Vol.5.5",2,,3,0.13
683320,"Grisaia Phantom Trigger Vol.6",3,,3,0.14
683320,"Warsong",24,28,29,0.14
683320,"Grisaia Phantom Trigger Vol.2",3,,3,0.14
683320,"Langrisser IV",65,,,0.31
683320,"Grisaia Phantom Trigger Vol.1",3,,3,0.14
683320,"The Melody of Grisaia",1,1,2,0.19
683320,"The Afterglow of Grisaia",2,3,3,0.17
683320,"Langrisser Millennium",,,,0.19
683320,"Langrisser Re:Incarnation Tensei",19,43,,0.13
683320,"The Eden of Grisaia",23,27,38,0.21
683320,"The Labyrinth of Grisaia",10,22,33,0.17
683320,"Langrisser III",,,,0.29
683320,"Langrisser V: The End of Legend",,,,0.13
255520,"Viscera Cleanup Detail: Shadow Warrior",2,2,2,1
271260,"Star Control: Origins",12,30,30,1
32800,"The Lord of the Rings: War in the North",12,16,29,1
544330,"Snake Pass",5,9,12,1
318600,"The Flame in the Flood",9,14,50,1
22200,"Zeno Clash",4,5,9,1
22200,"Zeno Clash II",6,8,9,0.77
2225070,"TrackMania",7,47,281,1
2225070,"TrackMania",7,8,22,1
2225070,"TrackMania Nations Forever",12,45,139,0.38
2225070,"TrackMania 2: Stadium",10,15,22,0.48
2225070,"TrackMania Turbo",12,36,153,0.63
2225070,"TrackMania 2: Canyon",14,15,47,0.5
2225070,"TrackMania 2: Valley",13,14,17,0.5
2225070,"TrackMania United",8,41,58,0.59
2225070,"TrackMania Nations",16,18,23,0.56
2225070,"TrackMania DS",2,7,12,0.77
2225070,"Trackmania 2: Lagoon",11,12,20,0.5
2225070,"TrackMania Turbo - VR Experience",1,,2,0.31
2225070,"Trackmania Sunrise",7,8,34,0.56
2225070,"TrackMania: Build to Race",,,,0.4
925940,"Myst IV: Revelation",12,15,15,1
33320,"Prince of Persia: The Forgotten Sands",8,9,11,1
1089130,"Quake II",7,10,13,0.67
55110,"Red Faction: Armageddon",8,10,20,1
55110,"Red Faction: Armageddon - Path to War DLC",1,2,2,0.56
351510,"Quiplash",1,1,2,1
351510,"Quiplash 2 InterLASHional",2,2,,0.32
63500,"Swords & Soldiers HD: Super Saucy Sausage Fest DLC",2,2,,0.34
115110,"Stacking",4,6,9,1
115110,"Stacking: The Lost Hobo King DLC",1,1,1,0.25
13530,"Prince of Persia: The Two Thrones",10,10,12,1
31250,"Sam & Max 304: Beyond the Alley of the Dolls",3,3,3,1
9480,"Saints Row 2",20,29,51,1
9480,"Saints Row 2 - Corporate Warfare DLC",1,1,2,0.33
9480,"Saints Row 2 - Ultor Exposed DLC",1,1,1,0.38
8260,"Sam & Max 201: Ice Station Santa",3,3,3,1
828790,"Warhammer: Vermintide 2 - Shadows over Bögenhafen",1,,,1
3830,"Psychonauts",12,15,21,1
3830,"Psychonauts 2",15,20,27,0.85
3830,"Psychonauts in the Rhombus of Ruin",2,2,3,0.32
493540,"Figment",5,6,6,1
493540,"Figment 2: Creed Valley",4,4,8,0.3
493540,"Figment 2: Creed Valley - Prologue",,,,0.21
9450,"Warhammer 40,000: Dawn of War - Soulstorm",13,24,51,1
616560,"Ultimate Epic Battle Simulator",1,16,19,1
616560,"Ultimate Epic Battle Simulator 2",,,,0.94
8300,"Sam & Max 205: What's New, Beelzebub?",3,3,4,0.97
459220,"Halo Wars",9,12,46,0.31
2600,"Vampire: The Masquerade - Bloodlines",23,29,40,1
2600,"Vampire: The Masquerade - Bloodlines 2",,,,0.95
208110,"Paranormasight: The Seven Mysteries of Honjo",11,12,13,0.11
208110,"Riven: The Sequel to Myst",10,12,14,0.12
208110,"Frog Detective: The Entire Mystery",4,5,5,0.12
208110,"Myst IV: Revelation",12,15,15,0.32
208110,"Myst V: End of Ages",8,9,11,0.32
208110,"Dungeons & Dragons: Shadow over Mystara",1,1,2,0.1
208110,"Golden Idol Mysteries: The Lemurian Vampire",3,3,3,0.14
208110,"Kao the Kangaroo 3",3,4,4,0.11
208110,"Adventure Escape Mysteries",,,,0.15
208110,"Chocobo's Mystery Dungeon: Every Buddy!",30,49,98,0.15
208110,"London Detective Mysteria",10,33,41,0.16
208110,"New York Mysteries: High Voltage",5,6,7,0.19
208110,"Mystic Vale",,20,,0.55
208110,"River King: Mystic Valley",,,,0.24
208110,"May's Mysteries: The Secret of Dragonville",9,,16,0.14
208110,"Murder Mystery Adventure",2,,,0.25
208110,"Dragon Quest Monsters 2: Iru and Luca's Marvelous Mysterious Key",,62,97,0.08
208110,"Midnight Mysteries 3: Devil on the Mississippi",3,5,8,0.13
208110,"Mystery Case Files: Return to Ravenhearst",7,8,9,0.15
208110,"NOX - Mystery Adventure Escape",,,,0.2
522210,"Serial Cleaner",5,6,9,1
522210,"Serial Cleaners",9,10,11,0.93
31220,"Sam & Max 301: The Penal Zone",4,4,4,1
2290,"Final Doom",13,16,17,1
111100,"Snuggle Truck",2,4,11,1
108500,"Vessel",10,13,13,1
108500,"Vessels",2,3,3,0.86
108500,"Nier - The World of Recycled Vessel",2,,3,0.17
108500,"Savage Vessels",,,,0.43
113200,"The Binding of Isaac",11,47,139,1
113200,"The Binding of Isaac: Rebirth",5,90,310,0.69
113200,"The Binding of Isaac: Repentance",11,208,609,0.63
113200,"The Binding of Isaac: Afterbirth+",5,112,344,0.61
113200,"The Binding of Isaac: Wrath of the Lamb",12,53,141,0.51
113200,"The Binding of Isaac: Antibirth",,,150,0.65
113200,"The Binding of Isaac: Afterbirth",5,44,200,0.63
272030,"Shadowrun: Dragonfall",20,23,27,1
272030,"Shadowrun: Dragonfall - Director's Cut",21,30,42,0.55
606730,"Sine Mora EX",3,5,14,1
1161580,"Hardspace: Shipbreaker",27,33,38,1
200710,"Torchlight II",21,29,76,1
200710,"Torchlight III",15,23,38,0.93
97000,"Solar 2",2,5,17,1
97000,"Boktai 2: Solar Boy Django",14,20,,0.23
97000,"24 Solar Terms",6,7,,0.43
24780,"SimCity 4 Deluxe",13,18,89,1
638230,"Journey",2,3,6,1
638230,"Antichamber",6,7,9,0.09
638230,"Deponia: The Complete Journey",26,32,35,0.24
638230,"LEGO Builder's Journey",2,2,3,0.32
638230,"Old Man's Journey",2,2,2,0.41
638230,"Dragon Quest VIII: Journey of the Cursed King",61,79,120,0.16
638230,"The Longest Journey",18,21,22,0.37
638230,"Journey to the Savage Planet",7,11,17,0.25
638230,"Dreamfall: The Longest Journey",12,13,15,0.23
638230,"The Journey Down: Chapter Three",3,4,4,0.23
638230,"Shin Megami Tensei: Strange Journey Redux",48,73,103,0.17
638230,"Knightfall: A Daring Journey",,,,0.25
638230,"Letter Quest: Grimm's Journey - Remastered",8,13,19,0.17
638230,"Journey of a Roach",3,3,5,0.39
638230,"The Journey Down: Chapter One - Over the Edge",2,3,3,0.16
638230,"Ticket to Ride: First Journey",1,3,8,0.24
638230,"Layton's Mystery Journey: Katrielle and the Millionaires' Conspiracy",18,26,33,0.1
638230,"Letter Quest: Grimm's Journey",8,13,15,0.24
638230,"The Long Journey Home",20,56,,0.33
638230,"Mario & Luigi: Bowser's Inside Story + Bowser Jr.'s Journey",25,34,61,0.12
8290,"Sam & Max 204: Chariots of the Dogs",3,3,3,1
63650,"Uru: Complete Chronicles",25,26,29,1
4580,"Warhammer 40,000: Dawn of War - Dark Crusade",15,33,52,1
4500,"S.T.A.L.K.E.R.: Shadow of Chernobyl",15,25,43,1
280,"Half-Life: Source",11,13,13,1
252410,"SteamWorld Dig",5,7,8,1
252410,"SteamWorld Dig 2",7,10,13,0.88
211180,"Unmechanical",3,3,4,1
1139900,"Ghostrunner",7,9,13,1
1139900,"Ghostrunner II",8,9,14,0.79
1139900,"Ghostrunner: Project_Hel",3,3,5,0.46
310560,"Dirt Rally",28,62,139,1
310560,"Dirt Rally 2.0",12,41,155,0.71
310560,"Dirt Rally 2.0 - Season 1",1,,,0.4
310560,"Dirt Rally 2.0 - Season 2",1,,,0.4
310560,"Dirt Rally 2.0 - Season 3",1,,,0.4
310560,"Dirt Rally 2.0 - Season 4",1,,,0.4
310560,"Dirt Rally 2.0 - Colin McRae: FLAT OUT Pack",15,,,0.23
975400,"Warhammer: Vermintide 2 - Back to Ubersreik",,,,1
9350,"Supreme Commander",18,31,48,1
9350,"Supreme Commander 2",14,23,53,0.89
9350,"Supreme Commander: Forged Alliance",18,21,25,0.5
207170,"Legend of Grimrock",16,21,28,1
207170,"Legend of Grimrock II",23,31,39,0.86
38700,"Toki Tori",4,,16,1
38700,"Toki Tori 3D",6,9,11,0.75
38700,"Toki Tori 2+",9,18,24,0.75
38700,"Tokimeki Memorial 2 Substories: Memories Ringing On",,,,0.18
19980,"Prince of Persia",11,14,18,1
19980,"Prince of Persia",2,3,3,1
19980,"Prince of Persia: The Sands of Time",9,10,10,0.46
19980,"Prince of Persia: Warrior Within",12,15,17,0.5
19980,"Prince of Persia: The Two Thrones",10,10,12,0.48
19980,"Prince of Persia: The Forgotten Sands",8,9,11,0.43
19980,"Prince of Persia: The Lost Crown",,,,0.5
19980,"Prince of Persia: Rival Swords",10,10,12,0.53
19980,"Prince of Persia: The Sands of Time Remake",,,,0.38
19980,"Prince of Persia 2: The Shadow and the Flame",1,5,6,0.36
19980,"Prince of Persia: Revelations",10,,,0.55
19980,"Prince of Persia: Epilogue DLC",2,3,3,0.53
19980,"Prince of Persia Classic",2,2,3,0.67
19980,"Prince of Persia: Harem Adventures",,,,0.47
19980,"Prince of Persia: The Fallen King",7,10,10,0.48
19980,"Prince of Persia: Escape",,,,0.67
19980,"Prince of Persia Trilogy",34,36,42,0.67
19980,"Battles of Prince of Persia",8,,,0.59
19980,"4D Prince of Persia",,,,0.84
19980,"Prince of Persia: Arabian Nights",4,5,12,0.5
13580,"Tom Clancy's Splinter Cell: Double Agent",11,12,15,1
250760,"Shovel Knight",7,9,17,0.45
19840,"Tom Clancy's Rainbow Six 3: Athena Sword",4,,4,1
38740,"Edge",4,8,12,1
38740,"Dredge",9,12,17,0.67
38740,"Mirror's Edge",6,8,12,0.31
38740,"The Murder of Sonic the Hedgehog",2,3,3,0.13
38740,"Mirror's Edge: Catalyst",8,13,32,0.17
38740,"Edge Of Eternity",29,47,76,0.25
38740,"Sonic CD",2,3,6,
38740,"Sonic the Hedgehog",2,2,2,0.22
38740,"Breathedge",16,25,34,0.4
38740,"Sonic the Hedgehog 2 (16-bit)",2,3,3,0.14
38740,"Sonic the Hedgehog 4: Episode 1",3,4,6,0.13
38740,"Sonic the Hedgehog 4: Episode 2",3,4,9,0.13
38740,"Sonic the Hedgehog 3",3,3,3,0.2
38740,"Shadow the Hedgehog",5,12,31,0.21
38740,"Ninja Gaiden 3: Razor's Edge",7,12,31,0.14
38740,"Dredge: The Pale Reach",1,2,2,0.18
38740,"Sonic the Hedgehog 3 & Knuckles",4,5,7,0.13
38740,"The Journey Down: Chapter One - Over the Edge",2,3,3,0.09
38740,"StormEdge: Wind of Change",1,1,2,0.16
38740,"Ace Attorney Investigations: Miles Edgeworth",23,24,25,0.09
70,"Half-Life",12,14,15,1
70,"Half-Life 2",13,15,19,0.82
70,"Half-Life 2: Episode One",4,4,5,0.38
70,"Half-Life 2: Episode Two",5,6,9,0.38
70,"Half-Life 2: Lost Coast",,,,0.39
70,"Half-Life: Blue Shift",3,3,4,0.43
70,"Half-Life: Opposing Force",5,6,7,0.36
70,"Half-Life 2: Deathmatch",3,12,22,0.39
70,"Half-Life Deathmatch: Source",3,4,5,0.32
70,"Half-Life: Source",11,13,13,0.53
70,"Half-Life: Alyx",12,14,19,0.6
70,"Half-Life 2: Update",11,14,16,0.47
70,"Half-Life: C.A.G.E.D.",1,1,2,0.43
70,"Half-Life 2: Downfall",1,1,1,0.43
70,"Half-Life: Uplink",1,1,1,0.53
70,"Half-Life: A Place in the West",1,1,3,0.3
70,"Half-Life: Decay",4,5,8,0.56
70,"Half-Life: Alyx - Levitation",4,4,,0.32
70,"Half-Life 2: Year Long Alarm",1,1,1,0.32
70,"Half-Life 2: VR Mod",11,15,19,0.47
690640,"Trine 4: The Nightmare Prince",10,12,15,1
690640,"Trine 4: The Nightmare Prince - Toby's Dream",,,1,0.66
690640,"Trine 4: The Nightmare Prince - Melody of Mystery",5,7,7,0.59
96300,"Ravaged Zombie Apocalypse",2,,20,1
96300,"Ravaged - Zombie Apocalypse",,,,0.93
475150,"Titan Quest: Anniversary Edition",32,45,101,0.97
60,"Ricochet",40,48,74,1
60,"Ricochet: Lost Worlds",,,,0.38
60,"Ricochet HD",9,,,0.73
60,"Ricochet Xtreme",9,,,0.53
60,"Ricochet Kills: Noir",,,,0.4
60,"Ricochet Infinity",8,,,0.47
211600,"Thief Gold",20,26,35,1
1085660,"Destiny 2",12,38,156,1
1085660,"Destiny 2: The Witch Queen",12,19,29,0.35
1085660,"Destiny 2: Shadowkeep",6,12,32,0.43
1085660,"Destiny 2: Beyond Light",6,19,66,0.39
1085660,"SpellForce 2: Faith in Destiny",9,10,15,0.17
1085660,"Onimusha 2: Samurai's Destiny",10,11,13,0.17
1085660,"Destiny 2: Lightfall",8,24,80,0.45
1085660,"Destiny 2: Forsaken",8,19,333,0.47
1085660,"Destiny 2 - Expansion I: Curse of Osiris",3,7,11,0.23
1085660,"Atelier Iris 2: The Azoth of Destiny",29,31,46,0.14
1085660,"Tales of Destiny 2",34,49,69,0.5
1085660,"Wolfenstein 3D: Spear of Destiny - Mission 2: Return to Danger",3,3,4,0.15
1085660,"Naruto Shippuden: Ninja Destiny 2",1,4,,0.27
1085660,"Outpost 2: Divided Destiny",,,,0.19
1085660,"Fighters Destiny 2",6,7,12,0.5
1085660,"Destiny 2: The Final Shape",,,,0.35
1085660,"Destiny 2 - Expansion II: Warmind",2,6,18,0.27
1085660,"SaGa 2: Hihou Densetsu - Goddess of Destiny",24,27,,0.12
1085660,"Forgotten Sound 2: Destiny",,,,0.19
1085660,"Destiny 2: Black Armory",10,24,90,0.39
242760,"The Forest",15,28,57,1
242760,"Ori and the Blind Forest: Definitive Edition",9,11,13,0.23
242760,"Ori and the Blind Forest",8,10,11,0.42
242760,"Sons of The Forest",12,19,40,0.56
242760,"Werewolf: The Apocalypse - Heart of the Forest",3,3,7,0.22
242760,"The Forest Quartet",1,1,2,0.56
242760,"Tales of the Black Forest",5,6,6,0.4
242760,"Druidstone: The Secret of the Menhir Forest",16,21,26,0.23
242760,"The Cursed Forest",3,4,5,0.59
242760,"Fighting Fantasy: The Forest of Doom",2,3,5,0.28
242760,"The Clown's Forest 2: Waking Shadows",1,,1,0.28
242760,"Tiny Tales: Heart of the Forest",3,3,3,0.32
242760,"Monument Valley 2: The Lost Forest",,,,0.29
242760,"Märchen Forest: Mylne and the Forest Gift",9,11,34,0.24
242760,"Searching For Objects in the Forest",,,,0.29
242760,"Red Forest",,,,0.7
242760,"Skunny: Back to the Forest",,,,0.38
242760,"Through Abandoned 2: The Forest",1,2,2,0.32
242760,"Fireboy & Watergirl in The Forest Temple",1,,,0.25
242760,"Kloa - Child of the Forest",,,,0.38
330830,"Tales from the Borderlands",11,11,12,1
330830,"New Tales from the Borderlands",10,11,13,0.87
330830,"Tales from the Borderlands: Episode 3 - Catch A Ride",2,2,2,0.5
330830,"Tales from the Borderlands: Episode 5 - The Vault of the Traveler",2,2,2,0.4
330830,"Tales from the Borderlands: Episode 2 - Atlas Mugged",2,2,2,0.5
330830,"Tales from the Borderlands: Episode 4 - Escape Plan Bravo",2,2,2,0.46
330830,"Tales from the Borderlands: Episode 1 - Zer0 Sum",2,2,2,0.54
9200,"Rage",11,15,23,1
9200,"Rage (Mobile)",1,,,0.31
9200,"Assassin's Creed Mirage",15,22,29,0.17
9200,"Forager",15,24,39,0.57
9200,"Rage 2",11,19,32,0.67
9200,"God Eater 2: Rage Burst",54,74,120,0.17
9200,"Streets of Rage 4",3,6,25,0.24
9200,"Fight'N Rage",2,11,44,0.33
9200,"Commandos 2: Men of Courage",21,32,32,0.15
9200,"Garage: Bad Trip",5,,7,0.25
9200,"Spyro 2: Ripto's Rage!",7,8,10,0.18
9200,"Mirage: Arcane Warfare",,,,0.18
9200,"Streets of Rage 2",2,3,3,0.24
9200,"Streets of Rage",2,2,2,0.27
9200,"Streets of Rage 3",2,3,7,0.24
9200,"Tokyo Mirage Sessions #FE Encore",38,50,60,0.13
9200,"Alien Rage",7,10,17,0.4
9200,"Pogostuck: Rage With Your Friends",26,83,205,0.12
9200,"Lost Records: Bloom and Rage",,,,0.14
9200,"The Simpsons Road Rage",10,17,30,0.18
214510,"LEGO The Lord of the Rings: The Video Game",10,17,34,0.62
1659420,"Uncharted: Legacy of Thieves Collection",21,25,52,1
236430,"Dark Souls II",43,63,118,1
236430,"Dark Souls III",32,48,99,0.93
236430,"Dark Souls II: Scholar of the First Sin",36,62,105,0.33
236430,"Dark Souls III: The Fire Fades Edition",36,55,92,0.34
236430,"Dark Souls III: The Ringed City",7,8,11,0.42
236430,"Dark Souls III: Ashes of Ariandel",4,5,6,0.39
236430,"Dark Souls II: Crown of the Old Iron King",4,6,8,0.32
236430,"Dark Souls II: Crown of the Sunken King",5,6,7,0.33
236430,"Dark Souls II: Crown of the Ivory King",5,6,9,0.34
236430,"Dark Souls III: Cinders",24,26,,0.57
285160,"LEGO The Hobbit",9,16,37,1
32390,"Star Wars Jedi Knight: Mysteries of the Sith",8,10,10,1
32370,"Star Wars: Knights of the Old Republic",29,36,48,0.97
32370,"Star Wars: Knights of the Old Republic II - The Sith Lords",31,41,53,0.64
32370,"Star Wars: The Old Republic - Knights of the Fallen Empire",10,15,,0.45
32370,"Star Wars: The Old Republic - Knights of the Eternal Throne",,,,0.42
32370,"Star Wars: Knights of the Old Republic Remake",,,,0.82
211740,"Thief II: The Metal Age",20,27,36,1
6020,"Star Wars Jedi Knight: Jedi Academy",10,11,14,1
32380,"Star Wars Jedi Knight: Dark Forces II",9,10,12,1
241930,"Middle-Earth: Shadow of Mordor",16,24,32,1
241930,"Middle-Earth: Shadow of Mordor - Game of the Year",17,27,38,0.61
241930,"Middle-Earth: Shadow of Mordor - Lord of the Hunt DLC",2,3,4,0.57
241930,"Middle-Earth: Shadow of War - The Desolation of Mordor",2,3,3,0.56
241930,"Middle-Earth: Shadow of Mordor - The Bright Lord DLC",3,3,4,0.58
61600,"Zen Bound 2",4,6,20,1
319630,"Life Is Strange",14,16,18,1
319630,"Life Is Strange 2",16,18,20,0.88
319630,"Life Is Strange: Before the Storm",10,12,13,0.45
319630,"Life Is Strange: True Colors",10,12,13,0.54
319630,"Life is Strange Remastered Collection",21,23,25,0.41
319630,"Life Is Strange: Wavelengths",3,4,4,0.54
319630,"Life Is Strange - Episode 1: Chrysalis",2,3,3,0.39
319630,"Life Is Strange - Episode 5: Polarized",3,3,3,0.39
319630,"Life Is Strange: Before the Storm - Episode 3: Hell is Empty",3,3,3,0.25
319630,"Life Is Strange 2 - Episode 3: Wastelands",3,3,3,0.37
319630,"Life Is Strange: Before the Storm - Episode 2: Brave New World",3,4,4,0.24
319630,"Life Is Strange: Before the Storm - Episode 1: Awake",3,3,4,0.29
319630,"Life Is Strange 2 - Episode 1: Roads",3,4,4,0.42
319630,"Life Is Strange: Before the Storm - Bonus Episode: Farewell",1,1,1,0.25
319630,"Life Is Strange 2 - Episode 4: Faith",3,3,3,0.42
319630,"Life Is Strange 2 - Episode 2: Rules",3,4,4,0.42
319630,"Life Is Strange 2 - Episode 5: Wolves",3,3,3,0.41
319630,"Life Is Strange - Episode 2: Out of Time",2,3,3,0.38
319630,"Life Is Strange - Episode 3: Chaos Theory",3,3,3,0.37
319630,"Life Is Strange - Episode 4: Dark Room",3,4,4,0.39
6030,"Star Wars Jedi Knight II: Jedi Outcast",13,16,18,1
17470,"Dead Space",12,16,27,1
17470,"Dead Space",11,13,20,1
17470,"Dead Space 2",9,12,16,0.83
17470,"Dead Space 3",13,16,24,0.83
17470,"Dead Space: Extraction",6,7,13,0.45
17470,"Dead Space: Ignition",1,3,4,0.5
17470,"Dead Space (Mobile)",4,5,6,0.53
17470,"Dead Space 3: Awakened DLC",2,2,2,0.38
17470,"Dead Space 2: Severed DLC",1,2,2,0.4
63610,"Riven: The Sequel to Myst",10,12,14,0.2
63610,"Cars 3: Driven to Win",8,14,27,0.24
63610,"Vagrus - The Riven Realms",79,137,311,0.2
63610,"Driven",4,,,0.83
63610,"12Riven: The Psi-Climinal of Integral",,20,,0.14
63610,"Vagrus: The Riven Realms - Prologue",,,,0.14
63610,"Test Drive: Eve of Destruction",13,14,14,0.17
63610,"Mystery of Rivenhallows",,1,1,0.22
63610,"The Lord of the Rings: Journey to Rivendell",,,,0.12
63610,"Overdriven Reloaded",1,,,0.26
63610,"Driven Out",4,,8,0.5
2280,"Doom",12,16,27,1
2280,"Doom",5,7,9,1
2280,"Doom Eternal",14,20,27,0.33
2280,"Doom 3",11,13,16,0.67
2280,"Doom II: Hell on Earth",7,10,14,0.18
2280,"Doom 3: BFG Edition",10,16,37,0.21
2280,"Doom 64",7,9,10,0.57
2280,"Doom 3: Resurrection of Evil",4,5,6,0.14
2280,"Final Doom",13,16,17,0.4
2280,"Master Levels for Doom II",7,8,9,0.16
2280,"Deponia Doomsday",11,13,14,0.25
2280,"Hector: Badge of Carnage - Episode 3: Beyond Reasonable Doom",3,4,3,0.07
2280,"Deep Dungeons of Doom",6,11,24,0.19
2280,"Doom VFR",3,4,5,0.5
2280,"Doom Eternal: The Ancient Gods - Part One",5,7,8,0.1
2280,"The Ultimate Doom",6,8,11,0.24
2280,"Doom Eternal: The Ancient Gods - Part Two",4,4,5,0.1
2280,"Dungeons & Dragons: Tower of Doom",1,1,3,0.12
2280,"Lufia & the Fortress of Doom",27,29,34,0.14
2280,"Doom: Sigil II",2,,,0.29
35140,"Batman: Arkham Asylum",12,16,25,1
35140,"Batman: Arkham Asylum GOTY",11,16,25,0.81
4570,"Warhammer 40,000: Dawn of War II - Chaos Rising",10,13,17,0.66
4570,"Warhammer 40,000: Dawn of War II - Retribution",9,12,43,0.67
4570,"Warhammer 40,000: Dawn of War - Soulstorm",13,24,51,0.76
4570,"Warhammer 40,000: Dawn of War - Dark Crusade",15,33,52,0.7
4570,"Warhammer 40,000: Dawn of War - Winter Assault",11,13,19,0.67
4570,"Warhammer 40,000: Dawn of War II - Grand Master Collection",,,,0.53
4570,"Warhammer 40,000: Dawn of War II - Retribution: The Last Standalone",,,,0.46